{
  "v": "5.1.16",
  "fr": 60,
  "ip": 0,
  "op": 79,
  "w": 600,
  "h": 48,
  "nm": "Loading",
  "ddd": 0,
  "assets": [],
  "layers": [
    {
      "ddd": 0,
      "ind": 1,
      "ty": 4,
      "nm": "KL Konturen",
      "sr": 1,
      "ks": {
        "o": { "a": 0, "k": 100, "ix": 11 },
        "r": { "a": 0, "k": 90, "ix": 10 },
        "p": {
          "a": 1,
          "k": [
            {
              "i": { "x": 0.833, "y": 0.833 },
              "o": { "x": 0.167, "y": 0.167 },
              "n": "0p833_0p833_0p167_0p167",
              "t": 0,
              "s": [-47.983, 24.153, 0],
              "e": [689.267, 23.153, 0],
              "to": [122.875, -0.16666667163372, 0],
              "ti": [-122.875, 0.16666667163372, 0]
            },
            { "t": 78 }
          ],
          "ix": 2
        },
        "a": { "a": 0, "k": [574.767, 334.796, 0], "ix": 1 },
        "s": { "a": 0, "k": [130.349, 130.349, 100], "ix": 6 }
      },
      "ao": 0,
      "shapes": [
        {
          "ty": "gr",
          "it": [
            {
              "ind": 0,
              "ty": "sh",
              "ix": 1,
              "ks": {
                "a": 0,
                "k": {
                  "i": [
                    [-1.312, 0.013],
                    [0.002, -1.32],
                    [1.305, 0.02],
                    [-0.003, 1.328]
                  ],
                  "o": [
                    [-0.002, 1.321],
                    [-1.312, 0.019],
                    [0.003, -1.326],
                    [1.304, 0.027]
                  ],
                  "v": [
                    [1.966, -1.98],
                    [1.96, 1.982],
                    [-1.966, 1.979],
                    [-1.957, -2.001]
                  ],
                  "c": true
                },
                "ix": 2
              },
              "nm": "Pfad 1",
              "mn": "ADBE Vector Shape - Group",
              "hd": false
            },
            {
              "ty": "st",
              "c": {
                "a": 0,
                "k": [0.313999998803, 0.136999990426, 0.62400004069, 1],
                "ix": 3
              },
              "o": { "a": 0, "k": 100, "ix": 4 },
              "w": { "a": 0, "k": 1.212, "ix": 5 },
              "lc": 2,
              "lj": 2,
              "nm": "Kontur 1",
              "mn": "ADBE Vector Graphic - Stroke",
              "hd": false
            },
            {
              "ty": "tr",
              "p": { "a": 0, "k": [572.534, 326.339], "ix": 2 },
              "a": { "a": 0, "k": [0, 0], "ix": 1 },
              "s": { "a": 0, "k": [100, 100], "ix": 3 },
              "r": { "a": 0, "k": 0, "ix": 6 },
              "o": { "a": 0, "k": 100, "ix": 7 },
              "sk": { "a": 0, "k": 0, "ix": 4 },
              "sa": { "a": 0, "k": 0, "ix": 5 },
              "nm": "Transformieren"
            }
          ],
          "nm": "Gruppe 1",
          "np": 2,
          "cix": 2,
          "ix": 1,
          "mn": "ADBE Vector Group",
          "hd": false
        },
        {
          "ty": "gr",
          "it": [
            {
              "ind": 0,
              "ty": "sh",
              "ix": 1,
              "ks": {
                "a": 0,
                "k": {
                  "i": [
                    [-2.646, 0.062],
                    [0.003, -2.652],
                    [2.62, 0.077],
                    [-0.007, 2.678]
                  ],
                  "o": [
                    [-0.003, 2.655],
                    [-2.649, 0.083],
                    [0.006, -2.675],
                    [2.616, 0.1]
                  ],
                  "v": [
                    [3.958, -3.995],
                    [3.948, 3.967],
                    [-3.958, 3.977],
                    [-3.937, -4.053]
                  ],
                  "c": true
                },
                "ix": 2
              },
              "nm": "Pfad 1",
              "mn": "ADBE Vector Shape - Group",
              "hd": false
            },
            {
              "ty": "st",
              "c": {
                "a": 0,
                "k": [0.313999998803, 0.136999990426, 0.62400004069, 1],
                "ix": 3
              },
              "o": { "a": 0, "k": 100, "ix": 4 },
              "w": { "a": 0, "k": 1.212, "ix": 5 },
              "lc": 2,
              "lj": 2,
              "nm": "Kontur 1",
              "mn": "ADBE Vector Graphic - Stroke",
              "hd": false
            },
            {
              "ty": "tr",
              "p": { "a": 0, "k": [572.54, 326.315], "ix": 2 },
              "a": { "a": 0, "k": [0, 0], "ix": 1 },
              "s": { "a": 0, "k": [100, 100], "ix": 3 },
              "r": { "a": 0, "k": 0, "ix": 6 },
              "o": { "a": 0, "k": 100, "ix": 7 },
              "sk": { "a": 0, "k": 0, "ix": 4 },
              "sa": { "a": 0, "k": 0, "ix": 5 },
              "nm": "Transformieren"
            }
          ],
          "nm": "Gruppe 2",
          "np": 2,
          "cix": 2,
          "ix": 2,
          "mn": "ADBE Vector Group",
          "hd": false
        },
        {
          "ty": "gr",
          "it": [
            {
              "ind": 0,
              "ty": "sh",
              "ix": 1,
              "ks": {
                "a": 0,
                "k": {
                  "i": [[0, 0], [0, 0]],
                  "o": [[0, 0], [0, 0]],
                  "v": [[-6.023, 0.005], [6.023, -0.005]],
                  "c": false
                },
                "ix": 2
              },
              "nm": "Pfad 1",
              "mn": "ADBE Vector Shape - Group",
              "hd": false
            },
            {
              "ty": "st",
              "c": {
                "a": 0,
                "k": [0.313999998803, 0.136999990426, 0.62400004069, 1],
                "ix": 3
              },
              "o": { "a": 0, "k": 100, "ix": 4 },
              "w": { "a": 0, "k": 1.212, "ix": 5 },
              "lc": 2,
              "lj": 2,
              "nm": "Kontur 1",
              "mn": "ADBE Vector Graphic - Stroke",
              "hd": false
            },
            {
              "ty": "tr",
              "p": { "a": 0, "k": [574.672, 335.695], "ix": 2 },
              "a": { "a": 0, "k": [0, 0], "ix": 1 },
              "s": { "a": 0, "k": [100, 100], "ix": 3 },
              "r": { "a": 0, "k": 0, "ix": 6 },
              "o": { "a": 0, "k": 100, "ix": 7 },
              "sk": { "a": 0, "k": 0, "ix": 4 },
              "sa": { "a": 0, "k": 0, "ix": 5 },
              "nm": "Transformieren"
            }
          ],
          "nm": "Gruppe 3",
          "np": 2,
          "cix": 2,
          "ix": 3,
          "mn": "ADBE Vector Group",
          "hd": false
        },
        {
          "ty": "gr",
          "it": [
            {
              "ind": 0,
              "ty": "sh",
              "ix": 1,
              "ks": {
                "a": 0,
                "k": {
                  "i": [[0, 0], [0, 0]],
                  "o": [[0, 0], [0, 0]],
                  "v": [[-6.027, 0.029], [6.028, -0.029]],
                  "c": false
                },
                "ix": 2
              },
              "nm": "Pfad 1",
              "mn": "ADBE Vector Shape - Group",
              "hd": false
            },
            {
              "ty": "st",
              "c": {
                "a": 0,
                "k": [0.313999998803, 0.136999990426, 0.62400004069, 1],
                "ix": 3
              },
              "o": { "a": 0, "k": 100, "ix": 4 },
              "w": { "a": 0, "k": 1.212, "ix": 5 },
              "lc": 2,
              "lj": 2,
              "nm": "Kontur 1",
              "mn": "ADBE Vector Graphic - Stroke",
              "hd": false
            },
            {
              "ty": "tr",
              "p": { "a": 0, "k": [574.666, 339.381], "ix": 2 },
              "a": { "a": 0, "k": [0, 0], "ix": 1 },
              "s": { "a": 0, "k": [100, 100], "ix": 3 },
              "r": { "a": 0, "k": 0, "ix": 6 },
              "o": { "a": 0, "k": 100, "ix": 7 },
              "sk": { "a": 0, "k": 0, "ix": 4 },
              "sa": { "a": 0, "k": 0, "ix": 5 },
              "nm": "Transformieren"
            }
          ],
          "nm": "Gruppe 4",
          "np": 2,
          "cix": 2,
          "ix": 4,
          "mn": "ADBE Vector Group",
          "hd": false
        },
        {
          "ty": "gr",
          "it": [
            {
              "ind": 0,
              "ty": "sh",
              "ix": 1,
              "ks": {
                "a": 0,
                "k": {
                  "i": [[0, 0], [0, 0]],
                  "o": [[0, 0], [0, 0]],
                  "v": [[-6.031, 0.052], [6.031, -0.052]],
                  "c": false
                },
                "ix": 2
              },
              "nm": "Pfad 1",
              "mn": "ADBE Vector Shape - Group",
              "hd": false
            },
            {
              "ty": "st",
              "c": {
                "a": 0,
                "k": [0.313999998803, 0.136999990426, 0.62400004069, 1],
                "ix": 3
              },
              "o": { "a": 0, "k": 100, "ix": 4 },
              "w": { "a": 0, "k": 1.212, "ix": 5 },
              "lc": 2,
              "lj": 2,
              "nm": "Kontur 1",
              "mn": "ADBE Vector Graphic - Stroke",
              "hd": false
            },
            {
              "ty": "tr",
              "p": { "a": 0, "k": [574.661, 343.064], "ix": 2 },
              "a": { "a": 0, "k": [0, 0], "ix": 1 },
              "s": { "a": 0, "k": [100, 100], "ix": 3 },
              "r": { "a": 0, "k": 0, "ix": 6 },
              "o": { "a": 0, "k": 100, "ix": 7 },
              "sk": { "a": 0, "k": 0, "ix": 4 },
              "sa": { "a": 0, "k": 0, "ix": 5 },
              "nm": "Transformieren"
            }
          ],
          "nm": "Gruppe 5",
          "np": 2,
          "cix": 2,
          "ix": 5,
          "mn": "ADBE Vector Group",
          "hd": false
        },
        {
          "ty": "gr",
          "it": [
            {
              "ind": 0,
              "ty": "sh",
              "ix": 1,
              "ks": {
                "a": 0,
                "k": {
                  "i": [[0, 0], [0, 0]],
                  "o": [[0, 0], [0, 0]],
                  "v": [[-6.034, 0.075], [6.034, -0.075]],
                  "c": false
                },
                "ix": 2
              },
              "nm": "Pfad 1",
              "mn": "ADBE Vector Shape - Group",
              "hd": false
            },
            {
              "ty": "st",
              "c": {
                "a": 0,
                "k": [0.313999998803, 0.136999990426, 0.62400004069, 1],
                "ix": 3
              },
              "o": { "a": 0, "k": 100, "ix": 4 },
              "w": { "a": 0, "k": 1.212, "ix": 5 },
              "lc": 2,
              "lj": 2,
              "nm": "Kontur 1",
              "mn": "ADBE Vector Graphic - Stroke",
              "hd": false
            },
            {
              "ty": "tr",
              "p": { "a": 0, "k": [574.655, 346.745], "ix": 2 },
              "a": { "a": 0, "k": [0, 0], "ix": 1 },
              "s": { "a": 0, "k": [100, 100], "ix": 3 },
              "r": { "a": 0, "k": 0, "ix": 6 },
              "o": { "a": 0, "k": 100, "ix": 7 },
              "sk": { "a": 0, "k": 0, "ix": 4 },
              "sa": { "a": 0, "k": 0, "ix": 5 },
              "nm": "Transformieren"
            }
          ],
          "nm": "Gruppe 6",
          "np": 2,
          "cix": 2,
          "ix": 6,
          "mn": "ADBE Vector Group",
          "hd": false
        },
        {
          "ty": "gr",
          "it": [
            {
              "ind": 0,
              "ty": "sh",
              "ix": 1,
              "ks": {
                "a": 0,
                "k": {
                  "i": [[0, 0], [0, 0], [0, 0], [0, 0]],
                  "o": [[0, 0], [0, 0], [0, 0], [0, 0]],
                  "v": [
                    [-5.843, -15.393],
                    [5.843, -15.393],
                    [5.843, 15.393],
                    [-5.843, 15.393]
                  ],
                  "c": true
                },
                "ix": 2
              },
              "nm": "Pfad 1",
              "mn": "ADBE Vector Shape - Group",
              "hd": false
            },
            {
              "ty": "fl",
              "c": {
                "a": 0,
                "k": [0.870999983245, 0.870999983245, 0.870999983245, 1],
                "ix": 4
              },
              "o": { "a": 0, "k": 100, "ix": 5 },
              "r": 1,
              "nm": "Fläche 1",
              "mn": "ADBE Vector Graphic - Fill",
              "hd": false
            },
            {
              "ty": "tr",
              "p": { "a": 0, "k": [581.994, 335.456], "ix": 2 },
              "a": { "a": 0, "k": [0, 0], "ix": 1 },
              "s": { "a": 0, "k": [100, 100], "ix": 3 },
              "r": { "a": 0, "k": 0, "ix": 6 },
              "o": { "a": 0, "k": 100, "ix": 7 },
              "sk": { "a": 0, "k": 0, "ix": 4 },
              "sa": { "a": 0, "k": 0, "ix": 5 },
              "nm": "Transformieren"
            }
          ],
          "nm": "Gruppe 7",
          "np": 2,
          "cix": 2,
          "ix": 7,
          "mn": "ADBE Vector Group",
          "hd": false
        },
        {
          "ty": "gr",
          "it": [
            {
              "ind": 0,
              "ty": "sh",
              "ix": 1,
              "ks": {
                "a": 0,
                "k": {
                  "i": [
                    [0, 0],
                    [0.005, 10.504],
                    [0, 0],
                    [0.003, -0.926],
                    [0.023, -9.374],
                    [-0.931, 0]
                  ],
                  "o": [
                    [-0.008, -10.452],
                    [0, 0],
                    [-0.927, 0],
                    [-0.029, 9.424],
                    [-0.002, 0.929],
                    [0, 0]
                  ],
                  "v": [
                    [10.988, 15.717],
                    [10.968, -15.717],
                    [-9.227, -15.717],
                    [-10.909, -14.037],
                    [-10.985, 14.03],
                    [-9.303, 15.717]
                  ],
                  "c": true
                },
                "ix": 2
              },
              "nm": "Pfad 1",
              "mn": "ADBE Vector Shape - Group",
              "hd": false
            },
            {
              "ty": "st",
              "c": { "a": 0, "k": [0, 0.910000011968, 0.8, 1], "ix": 3 },
              "o": { "a": 0, "k": 100, "ix": 4 },
              "w": { "a": 0, "k": 0.705, "ix": 5 },
              "lc": 1,
              "lj": 1,
              "ml": 10,
              "nm": "Kontur 1",
              "mn": "ADBE Vector Graphic - Stroke",
              "hd": false
            },
            {
              "ty": "fl",
              "c": { "a": 0, "k": [1, 1, 1, 1], "ix": 4 },
              "o": { "a": 0, "k": 100, "ix": 5 },
              "r": 1,
              "nm": "Fläche 1",
              "mn": "ADBE Vector Graphic - Fill",
              "hd": false
            },
            {
              "ty": "tr",
              "p": { "a": 0, "k": [577.258, 335.437], "ix": 2 },
              "a": { "a": 0, "k": [0, 0], "ix": 1 },
              "s": { "a": 0, "k": [100, 100], "ix": 3 },
              "r": { "a": 0, "k": 0, "ix": 6 },
              "o": { "a": 0, "k": 100, "ix": 7 },
              "sk": { "a": 0, "k": 0, "ix": 4 },
              "sa": { "a": 0, "k": 0, "ix": 5 },
              "nm": "Transformieren"
            }
          ],
          "nm": "Gruppe 8",
          "np": 3,
          "cix": 2,
          "ix": 8,
          "mn": "ADBE Vector Group",
          "hd": false
        },
        {
          "ty": "gr",
          "it": [
            {
              "ind": 0,
              "ty": "sh",
              "ix": 1,
              "ks": {
                "a": 0,
                "k": {
                  "i": [[0, 0], [0, 0]],
                  "o": [[0, 0], [0, 0]],
                  "v": [[562.922, 304.573], [562.922, 312.444]],
                  "c": false
                },
                "ix": 2
              },
              "nm": "Pfad 1",
              "mn": "ADBE Vector Shape - Group",
              "hd": false
            },
            {
              "ty": "st",
              "c": { "a": 0, "k": [0, 0.910000011968, 0.8, 1], "ix": 3 },
              "o": { "a": 0, "k": 100, "ix": 4 },
              "w": { "a": 0, "k": 0.562, "ix": 5 },
              "lc": 2,
              "lj": 2,
              "nm": "Kontur 1",
              "mn": "ADBE Vector Graphic - Stroke",
              "hd": false
            },
            {
              "ty": "fl",
              "c": { "a": 0, "k": [1, 1, 1, 1], "ix": 4 },
              "o": { "a": 0, "k": 100, "ix": 5 },
              "r": 1,
              "nm": "Fläche 1",
              "mn": "ADBE Vector Graphic - Fill",
              "hd": false
            },
            {
              "ty": "tr",
              "p": { "a": 0, "k": [0, 0], "ix": 2 },
              "a": { "a": 0, "k": [0, 0], "ix": 1 },
              "s": { "a": 0, "k": [100, 100], "ix": 3 },
              "r": { "a": 0, "k": 0, "ix": 6 },
              "o": { "a": 0, "k": 100, "ix": 7 },
              "sk": { "a": 0, "k": 0, "ix": 4 },
              "sa": { "a": 0, "k": 0, "ix": 5 },
              "nm": "Transformieren"
            }
          ],
          "nm": "Gruppe 9",
          "np": 3,
          "cix": 2,
          "ix": 9,
          "mn": "ADBE Vector Group",
          "hd": false
        },
        {
          "ty": "gr",
          "it": [
            {
              "ind": 0,
              "ty": "sh",
              "ix": 1,
              "ks": {
                "a": 0,
                "k": {
                  "i": [[0, 0], [0, 0]],
                  "o": [[0, 0], [0, 0]],
                  "v": [[571.574, 304.542], [571.574, 312.413]],
                  "c": false
                },
                "ix": 2
              },
              "nm": "Pfad 1",
              "mn": "ADBE Vector Shape - Group",
              "hd": false
            },
            {
              "ty": "st",
              "c": { "a": 0, "k": [0, 0.910000011968, 0.8, 1], "ix": 3 },
              "o": { "a": 0, "k": 100, "ix": 4 },
              "w": { "a": 0, "k": 0.562, "ix": 5 },
              "lc": 2,
              "lj": 2,
              "nm": "Kontur 1",
              "mn": "ADBE Vector Graphic - Stroke",
              "hd": false
            },
            {
              "ty": "fl",
              "c": { "a": 0, "k": [1, 1, 1, 1], "ix": 4 },
              "o": { "a": 0, "k": 100, "ix": 5 },
              "r": 1,
              "nm": "Fläche 1",
              "mn": "ADBE Vector Graphic - Fill",
              "hd": false
            },
            {
              "ty": "tr",
              "p": { "a": 0, "k": [0, 0], "ix": 2 },
              "a": { "a": 0, "k": [0, 0], "ix": 1 },
              "s": { "a": 0, "k": [100, 100], "ix": 3 },
              "r": { "a": 0, "k": 0, "ix": 6 },
              "o": { "a": 0, "k": 100, "ix": 7 },
              "sk": { "a": 0, "k": 0, "ix": 4 },
              "sa": { "a": 0, "k": 0, "ix": 5 },
              "nm": "Transformieren"
            }
          ],
          "nm": "Gruppe 10",
          "np": 3,
          "cix": 2,
          "ix": 10,
          "mn": "ADBE Vector Group",
          "hd": false
        },
        {
          "ty": "gr",
          "it": [
            {
              "ind": 0,
              "ty": "sh",
              "ix": 1,
              "ks": {
                "a": 0,
                "k": {
                  "i": [[0, 0], [0, 0]],
                  "o": [[0, 0], [0, 0]],
                  "v": [[580.225, 304.511], [580.225, 312.382]],
                  "c": false
                },
                "ix": 2
              },
              "nm": "Pfad 1",
              "mn": "ADBE Vector Shape - Group",
              "hd": false
            },
            {
              "ty": "st",
              "c": { "a": 0, "k": [0, 0.910000011968, 0.8, 1], "ix": 3 },
              "o": { "a": 0, "k": 100, "ix": 4 },
              "w": { "a": 0, "k": 0.562, "ix": 5 },
              "lc": 2,
              "lj": 2,
              "nm": "Kontur 1",
              "mn": "ADBE Vector Graphic - Stroke",
              "hd": false
            },
            {
              "ty": "fl",
              "c": { "a": 0, "k": [1, 1, 1, 1], "ix": 4 },
              "o": { "a": 0, "k": 100, "ix": 5 },
              "r": 1,
              "nm": "Fläche 1",
              "mn": "ADBE Vector Graphic - Fill",
              "hd": false
            },
            {
              "ty": "tr",
              "p": { "a": 0, "k": [0, 0], "ix": 2 },
              "a": { "a": 0, "k": [0, 0], "ix": 1 },
              "s": { "a": 0, "k": [100, 100], "ix": 3 },
              "r": { "a": 0, "k": 0, "ix": 6 },
              "o": { "a": 0, "k": 100, "ix": 7 },
              "sk": { "a": 0, "k": 0, "ix": 4 },
              "sa": { "a": 0, "k": 0, "ix": 5 },
              "nm": "Transformieren"
            }
          ],
          "nm": "Gruppe 11",
          "np": 3,
          "cix": 2,
          "ix": 11,
          "mn": "ADBE Vector Group",
          "hd": false
        },
        {
          "ty": "gr",
          "it": [
            {
              "ind": 0,
              "ty": "sh",
              "ix": 1,
              "ks": {
                "a": 0,
                "k": {
                  "i": [[0, 0], [0, 0]],
                  "o": [[0, 0], [0, 0]],
                  "v": [[588.877, 304.479], [588.877, 312.35]],
                  "c": false
                },
                "ix": 2
              },
              "nm": "Pfad 1",
              "mn": "ADBE Vector Shape - Group",
              "hd": false
            },
            {
              "ty": "st",
              "c": { "a": 0, "k": [0, 0.910000011968, 0.8, 1], "ix": 3 },
              "o": { "a": 0, "k": 100, "ix": 4 },
              "w": { "a": 0, "k": 0.562, "ix": 5 },
              "lc": 2,
              "lj": 2,
              "nm": "Kontur 1",
              "mn": "ADBE Vector Graphic - Stroke",
              "hd": false
            },
            {
              "ty": "fl",
              "c": { "a": 0, "k": [1, 1, 1, 1], "ix": 4 },
              "o": { "a": 0, "k": 100, "ix": 5 },
              "r": 1,
              "nm": "Fläche 1",
              "mn": "ADBE Vector Graphic - Fill",
              "hd": false
            },
            {
              "ty": "tr",
              "p": { "a": 0, "k": [0, 0], "ix": 2 },
              "a": { "a": 0, "k": [0, 0], "ix": 1 },
              "s": { "a": 0, "k": [100, 100], "ix": 3 },
              "r": { "a": 0, "k": 0, "ix": 6 },
              "o": { "a": 0, "k": 100, "ix": 7 },
              "sk": { "a": 0, "k": 0, "ix": 4 },
              "sa": { "a": 0, "k": 0, "ix": 5 },
              "nm": "Transformieren"
            }
          ],
          "nm": "Gruppe 12",
          "np": 3,
          "cix": 2,
          "ix": 12,
          "mn": "ADBE Vector Group",
          "hd": false
        },
        {
          "ty": "gr",
          "it": [
            {
              "ind": 0,
              "ty": "sh",
              "ix": 1,
              "ks": {
                "a": 0,
                "k": {
                  "i": [[0, 0], [0, 0], [0, 1.082], [0, 0], [1.082, 0], [0, 0]],
                  "o": [
                    [0, 0],
                    [1.082, 0],
                    [0, 0],
                    [0, -1.082],
                    [0, 0],
                    [0, 0]
                  ],
                  "v": [
                    [-7.177, 5.085],
                    [5.218, 5.085],
                    [7.177, 3.125],
                    [7.177, -3.125],
                    [5.218, -5.085],
                    [-7.177, -5.085]
                  ],
                  "c": true
                },
                "ix": 2
              },
              "nm": "Pfad 1",
              "mn": "ADBE Vector Shape - Group",
              "hd": false
            },
            {
              "ty": "fl",
              "c": {
                "a": 0,
                "k": [0.176000004189, 0.059000000299, 0.39199999641, 1],
                "ix": 4
              },
              "o": { "a": 0, "k": 100, "ix": 5 },
              "r": 1,
              "nm": "Fläche 1",
              "mn": "ADBE Vector Graphic - Fill",
              "hd": false
            },
            {
              "ty": "tr",
              "p": { "a": 0, "k": [583.011, 308.509], "ix": 2 },
              "a": { "a": 0, "k": [0, 0], "ix": 1 },
              "s": { "a": 0, "k": [100, 100], "ix": 3 },
              "r": { "a": 0, "k": 0, "ix": 6 },
              "o": { "a": 0, "k": 100, "ix": 7 },
              "sk": { "a": 0, "k": 0, "ix": 4 },
              "sa": { "a": 0, "k": 0, "ix": 5 },
              "nm": "Transformieren"
            }
          ],
          "nm": "Gruppe 13",
          "np": 2,
          "cix": 2,
          "ix": 13,
          "mn": "ADBE Vector Group",
          "hd": false
        },
        {
          "ty": "gr",
          "it": [
            {
              "ind": 0,
              "ty": "sh",
              "ix": 1,
              "ks": {
                "a": 0,
                "k": {
                  "i": [
                    [1.272, 0],
                    [0, 0],
                    [0, 1.273],
                    [0, 0],
                    [-1.272, 0],
                    [0, 0],
                    [0, -1.273],
                    [0, 0]
                  ],
                  "o": [
                    [0, 0],
                    [-1.272, 0],
                    [0, 0],
                    [0, -1.273],
                    [0, 0],
                    [1.272, 0],
                    [0, 0],
                    [0, 1.273]
                  ],
                  "v": [
                    [13.295, 6.139],
                    [-13.295, 6.139],
                    [-15.6, 3.835],
                    [-15.6, -3.835],
                    [-13.295, -6.139],
                    [13.295, -6.139],
                    [15.6, -3.835],
                    [15.6, 3.835]
                  ],
                  "c": true
                },
                "ix": 2
              },
              "nm": "Pfad 1",
              "mn": "ADBE Vector Shape - Group",
              "hd": false
            },
            {
              "ty": "fl",
              "c": {
                "a": 0,
                "k": [0.313999998803, 0.136999990426, 0.62400004069, 1],
                "ix": 4
              },
              "o": { "a": 0, "k": 100, "ix": 5 },
              "r": 1,
              "nm": "Fläche 1",
              "mn": "ADBE Vector Graphic - Fill",
              "hd": false
            },
            {
              "ty": "tr",
              "p": { "a": 0, "k": [575.609, 308.348], "ix": 2 },
              "a": { "a": 0, "k": [0, 0], "ix": 1 },
              "s": { "a": 0, "k": [100, 100], "ix": 3 },
              "r": { "a": 0, "k": 0, "ix": 6 },
              "o": { "a": 0, "k": 100, "ix": 7 },
              "sk": { "a": 0, "k": 0, "ix": 4 },
              "sa": { "a": 0, "k": 0, "ix": 5 },
              "nm": "Transformieren"
            }
          ],
          "nm": "Gruppe 14",
          "np": 2,
          "cix": 2,
          "ix": 14,
          "mn": "ADBE Vector Group",
          "hd": false
        },
        {
          "ty": "gr",
          "it": [
            {
              "ind": 0,
              "ty": "sh",
              "ix": 1,
              "ks": {
                "a": 0,
                "k": {
                  "i": [[0, 0], [0, 0]],
                  "o": [[0, 0], [0, 0]],
                  "v": [[562.922, 357.468], [562.922, 365.339]],
                  "c": false
                },
                "ix": 2
              },
              "nm": "Pfad 1",
              "mn": "ADBE Vector Shape - Group",
              "hd": false
            },
            {
              "ty": "st",
              "c": { "a": 0, "k": [0, 0.910000011968, 0.8, 1], "ix": 3 },
              "o": { "a": 0, "k": 100, "ix": 4 },
              "w": { "a": 0, "k": 0.562, "ix": 5 },
              "lc": 2,
              "lj": 2,
              "nm": "Kontur 1",
              "mn": "ADBE Vector Graphic - Stroke",
              "hd": false
            },
            {
              "ty": "fl",
              "c": { "a": 0, "k": [1, 1, 1, 1], "ix": 4 },
              "o": { "a": 0, "k": 100, "ix": 5 },
              "r": 1,
              "nm": "Fläche 1",
              "mn": "ADBE Vector Graphic - Fill",
              "hd": false
            },
            {
              "ty": "tr",
              "p": { "a": 0, "k": [0, 0], "ix": 2 },
              "a": { "a": 0, "k": [0, 0], "ix": 1 },
              "s": { "a": 0, "k": [100, 100], "ix": 3 },
              "r": { "a": 0, "k": 0, "ix": 6 },
              "o": { "a": 0, "k": 100, "ix": 7 },
              "sk": { "a": 0, "k": 0, "ix": 4 },
              "sa": { "a": 0, "k": 0, "ix": 5 },
              "nm": "Transformieren"
            }
          ],
          "nm": "Gruppe 15",
          "np": 3,
          "cix": 2,
          "ix": 15,
          "mn": "ADBE Vector Group",
          "hd": false
        },
        {
          "ty": "gr",
          "it": [
            {
              "ind": 0,
              "ty": "sh",
              "ix": 1,
              "ks": {
                "a": 0,
                "k": {
                  "i": [[0, 0], [0, 0]],
                  "o": [[0, 0], [0, 0]],
                  "v": [[571.574, 357.436], [571.574, 365.307]],
                  "c": false
                },
                "ix": 2
              },
              "nm": "Pfad 1",
              "mn": "ADBE Vector Shape - Group",
              "hd": false
            },
            {
              "ty": "st",
              "c": { "a": 0, "k": [0, 0.910000011968, 0.8, 1], "ix": 3 },
              "o": { "a": 0, "k": 100, "ix": 4 },
              "w": { "a": 0, "k": 0.562, "ix": 5 },
              "lc": 2,
              "lj": 2,
              "nm": "Kontur 1",
              "mn": "ADBE Vector Graphic - Stroke",
              "hd": false
            },
            {
              "ty": "fl",
              "c": { "a": 0, "k": [1, 1, 1, 1], "ix": 4 },
              "o": { "a": 0, "k": 100, "ix": 5 },
              "r": 1,
              "nm": "Fläche 1",
              "mn": "ADBE Vector Graphic - Fill",
              "hd": false
            },
            {
              "ty": "tr",
              "p": { "a": 0, "k": [0, 0], "ix": 2 },
              "a": { "a": 0, "k": [0, 0], "ix": 1 },
              "s": { "a": 0, "k": [100, 100], "ix": 3 },
              "r": { "a": 0, "k": 0, "ix": 6 },
              "o": { "a": 0, "k": 100, "ix": 7 },
              "sk": { "a": 0, "k": 0, "ix": 4 },
              "sa": { "a": 0, "k": 0, "ix": 5 },
              "nm": "Transformieren"
            }
          ],
          "nm": "Gruppe 16",
          "np": 3,
          "cix": 2,
          "ix": 16,
          "mn": "ADBE Vector Group",
          "hd": false
        },
        {
          "ty": "gr",
          "it": [
            {
              "ind": 0,
              "ty": "sh",
              "ix": 1,
              "ks": {
                "a": 0,
                "k": {
                  "i": [[0, 0], [0, 0]],
                  "o": [[0, 0], [0, 0]],
                  "v": [[580.225, 357.405], [580.225, 365.276]],
                  "c": false
                },
                "ix": 2
              },
              "nm": "Pfad 1",
              "mn": "ADBE Vector Shape - Group",
              "hd": false
            },
            {
              "ty": "st",
              "c": { "a": 0, "k": [0, 0.910000011968, 0.8, 1], "ix": 3 },
              "o": { "a": 0, "k": 100, "ix": 4 },
              "w": { "a": 0, "k": 0.562, "ix": 5 },
              "lc": 2,
              "lj": 2,
              "nm": "Kontur 1",
              "mn": "ADBE Vector Graphic - Stroke",
              "hd": false
            },
            {
              "ty": "fl",
              "c": { "a": 0, "k": [1, 1, 1, 1], "ix": 4 },
              "o": { "a": 0, "k": 100, "ix": 5 },
              "r": 1,
              "nm": "Fläche 1",
              "mn": "ADBE Vector Graphic - Fill",
              "hd": false
            },
            {
              "ty": "tr",
              "p": { "a": 0, "k": [0, 0], "ix": 2 },
              "a": { "a": 0, "k": [0, 0], "ix": 1 },
              "s": { "a": 0, "k": [100, 100], "ix": 3 },
              "r": { "a": 0, "k": 0, "ix": 6 },
              "o": { "a": 0, "k": 100, "ix": 7 },
              "sk": { "a": 0, "k": 0, "ix": 4 },
              "sa": { "a": 0, "k": 0, "ix": 5 },
              "nm": "Transformieren"
            }
          ],
          "nm": "Gruppe 17",
          "np": 3,
          "cix": 2,
          "ix": 17,
          "mn": "ADBE Vector Group",
          "hd": false
        },
        {
          "ty": "gr",
          "it": [
            {
              "ind": 0,
              "ty": "sh",
              "ix": 1,
              "ks": {
                "a": 0,
                "k": {
                  "i": [[0, 0], [0, 0]],
                  "o": [[0, 0], [0, 0]],
                  "v": [[588.877, 357.374], [588.877, 365.245]],
                  "c": false
                },
                "ix": 2
              },
              "nm": "Pfad 1",
              "mn": "ADBE Vector Shape - Group",
              "hd": false
            },
            {
              "ty": "st",
              "c": { "a": 0, "k": [0, 0.910000011968, 0.8, 1], "ix": 3 },
              "o": { "a": 0, "k": 100, "ix": 4 },
              "w": { "a": 0, "k": 0.562, "ix": 5 },
              "lc": 2,
              "lj": 2,
              "nm": "Kontur 1",
              "mn": "ADBE Vector Graphic - Stroke",
              "hd": false
            },
            {
              "ty": "fl",
              "c": { "a": 0, "k": [1, 1, 1, 1], "ix": 4 },
              "o": { "a": 0, "k": 100, "ix": 5 },
              "r": 1,
              "nm": "Fläche 1",
              "mn": "ADBE Vector Graphic - Fill",
              "hd": false
            },
            {
              "ty": "tr",
              "p": { "a": 0, "k": [0, 0], "ix": 2 },
              "a": { "a": 0, "k": [0, 0], "ix": 1 },
              "s": { "a": 0, "k": [100, 100], "ix": 3 },
              "r": { "a": 0, "k": 0, "ix": 6 },
              "o": { "a": 0, "k": 100, "ix": 7 },
              "sk": { "a": 0, "k": 0, "ix": 4 },
              "sa": { "a": 0, "k": 0, "ix": 5 },
              "nm": "Transformieren"
            }
          ],
          "nm": "Gruppe 18",
          "np": 3,
          "cix": 2,
          "ix": 18,
          "mn": "ADBE Vector Group",
          "hd": false
        },
        {
          "ty": "gr",
          "it": [
            {
              "ind": 0,
              "ty": "sh",
              "ix": 1,
              "ks": {
                "a": 0,
                "k": {
                  "i": [[0, 0], [0, 0], [0, 1.082], [0, 0], [1.082, 0], [0, 0]],
                  "o": [
                    [0, 0],
                    [1.082, 0],
                    [0, 0],
                    [0, -1.082],
                    [0, 0],
                    [0, 0]
                  ],
                  "v": [
                    [-7.177, 5.085],
                    [5.218, 5.085],
                    [7.177, 3.125],
                    [7.177, -3.125],
                    [5.218, -5.085],
                    [-7.177, -5.085]
                  ],
                  "c": true
                },
                "ix": 2
              },
              "nm": "Pfad 1",
              "mn": "ADBE Vector Shape - Group",
              "hd": false
            },
            {
              "ty": "fl",
              "c": {
                "a": 0,
                "k": [0.176000004189, 0.059000000299, 0.39199999641, 1],
                "ix": 4
              },
              "o": { "a": 0, "k": 100, "ix": 5 },
              "r": 1,
              "nm": "Fläche 1",
              "mn": "ADBE Vector Graphic - Fill",
              "hd": false
            },
            {
              "ty": "tr",
              "p": { "a": 0, "k": [583.011, 361.403], "ix": 2 },
              "a": { "a": 0, "k": [0, 0], "ix": 1 },
              "s": { "a": 0, "k": [100, 100], "ix": 3 },
              "r": { "a": 0, "k": 0, "ix": 6 },
              "o": { "a": 0, "k": 100, "ix": 7 },
              "sk": { "a": 0, "k": 0, "ix": 4 },
              "sa": { "a": 0, "k": 0, "ix": 5 },
              "nm": "Transformieren"
            }
          ],
          "nm": "Gruppe 19",
          "np": 2,
          "cix": 2,
          "ix": 19,
          "mn": "ADBE Vector Group",
          "hd": false
        },
        {
          "ty": "gr",
          "it": [
            {
              "ind": 0,
              "ty": "sh",
              "ix": 1,
              "ks": {
                "a": 0,
                "k": {
                  "i": [
                    [1.272, 0],
                    [0, 0],
                    [0, 1.273],
                    [0, 0],
                    [-1.272, 0],
                    [0, 0],
                    [0, -1.273],
                    [0, 0]
                  ],
                  "o": [
                    [0, 0],
                    [-1.272, 0],
                    [0, 0],
                    [0, -1.273],
                    [0, 0],
                    [1.272, 0],
                    [0, 0],
                    [0, 1.273]
                  ],
                  "v": [
                    [13.295, 6.139],
                    [-13.295, 6.139],
                    [-15.6, 3.835],
                    [-15.6, -3.835],
                    [-13.295, -6.139],
                    [13.295, -6.139],
                    [15.6, -3.835],
                    [15.6, 3.835]
                  ],
                  "c": true
                },
                "ix": 2
              },
              "nm": "Pfad 1",
              "mn": "ADBE Vector Shape - Group",
              "hd": false
            },
            {
              "ty": "fl",
              "c": {
                "a": 0,
                "k": [0.313999998803, 0.136999990426, 0.62400004069, 1],
                "ix": 4
              },
              "o": { "a": 0, "k": 100, "ix": 5 },
              "r": 1,
              "nm": "Fläche 1",
              "mn": "ADBE Vector Graphic - Fill",
              "hd": false
            },
            {
              "ty": "tr",
              "p": { "a": 0, "k": [575.609, 361.243], "ix": 2 },
              "a": { "a": 0, "k": [0, 0], "ix": 1 },
              "s": { "a": 0, "k": [100, 100], "ix": 3 },
              "r": { "a": 0, "k": 0, "ix": 6 },
              "o": { "a": 0, "k": 100, "ix": 7 },
              "sk": { "a": 0, "k": 0, "ix": 4 },
              "sa": { "a": 0, "k": 0, "ix": 5 },
              "nm": "Transformieren"
            }
          ],
          "nm": "Gruppe 20",
          "np": 2,
          "cix": 2,
          "ix": 20,
          "mn": "ADBE Vector Group",
          "hd": false
        },
        {
          "ty": "gr",
          "it": [
            {
              "ind": 0,
              "ty": "sh",
              "ix": 1,
              "ks": {
                "a": 0,
                "k": {
                  "i": [[0, 0], [0, 0], [0, 0], [0, 0]],
                  "o": [[0, 0], [0, 0], [0, 0], [0, 0]],
                  "v": [
                    [0.433, 21.86],
                    [-0.434, 21.86],
                    [-0.434, -21.859],
                    [0.433, -21.859]
                  ],
                  "c": true
                },
                "ix": 2
              },
              "nm": "Pfad 1",
              "mn": "ADBE Vector Shape - Group",
              "hd": false
            },
            {
              "ty": "fl",
              "c": { "a": 0, "k": [0, 0.910000011968, 0.8, 1], "ix": 4 },
              "o": { "a": 0, "k": 100, "ix": 5 },
              "r": 1,
              "nm": "Fläche 1",
              "mn": "ADBE Vector Graphic - Fill",
              "hd": false
            },
            {
              "ty": "tr",
              "p": { "a": 0, "k": [588.271, 333.245], "ix": 2 },
              "a": { "a": 0, "k": [0, 0], "ix": 1 },
              "s": { "a": 0, "k": [100, 100], "ix": 3 },
              "r": { "a": 0, "k": 0, "ix": 6 },
              "o": { "a": 0, "k": 100, "ix": 7 },
              "sk": { "a": 0, "k": 0, "ix": 4 },
              "sa": { "a": 0, "k": 0, "ix": 5 },
              "nm": "Transformieren"
            }
          ],
          "nm": "Gruppe 21",
          "np": 2,
          "cix": 2,
          "ix": 21,
          "mn": "ADBE Vector Group",
          "hd": false
        },
        {
          "ty": "gr",
          "it": [
            {
              "ind": 0,
              "ty": "sh",
              "ix": 1,
              "ks": {
                "a": 0,
                "k": {
                  "i": [[0, 0], [0, 0], [0, 0], [0, 0]],
                  "o": [[0, 0], [0, 0], [0, 0], [0, 0]],
                  "v": [
                    [-0.432, -22.747],
                    [0.432, -22.747],
                    [0.432, 22.747],
                    [-0.432, 22.747]
                  ],
                  "c": true
                },
                "ix": 2
              },
              "nm": "Pfad 1",
              "mn": "ADBE Vector Shape - Group",
              "hd": false
            },
            {
              "ty": "fl",
              "c": { "a": 0, "k": [0, 0.910000011968, 0.8, 1], "ix": 4 },
              "o": { "a": 0, "k": 100, "ix": 5 },
              "r": 1,
              "nm": "Fläche 1",
              "mn": "ADBE Vector Graphic - Fill",
              "hd": false
            },
            {
              "ty": "tr",
              "p": { "a": 0, "k": [562.82, 334.134], "ix": 2 },
              "a": { "a": 0, "k": [0, 0], "ix": 1 },
              "s": { "a": 0, "k": [100, 100], "ix": 3 },
              "r": { "a": 0, "k": 0, "ix": 6 },
              "o": { "a": 0, "k": 100, "ix": 7 },
              "sk": { "a": 0, "k": 0, "ix": 4 },
              "sa": { "a": 0, "k": 0, "ix": 5 },
              "nm": "Transformieren"
            }
          ],
          "nm": "Gruppe 22",
          "np": 2,
          "cix": 2,
          "ix": 22,
          "mn": "ADBE Vector Group",
          "hd": false
        },
        {
          "ty": "gr",
          "it": [
            {
              "ind": 0,
              "ty": "sh",
              "ix": 1,
              "ks": {
                "a": 0,
                "k": {
                  "i": [
                    [6.263, 0.548],
                    [-0.548, 6.262],
                    [-6.261, -0.548],
                    [0.548, -6.261]
                  ],
                  "o": [
                    [-6.262, -0.548],
                    [0.548, -6.263],
                    [6.262, 0.548],
                    [-0.548, 6.262]
                  ],
                  "v": [
                    [-0.992, 11.339],
                    [-11.338, -0.991],
                    [0.992, -11.339],
                    [11.338, 0.991]
                  ],
                  "c": true
                },
                "ix": 2
              },
              "nm": "Pfad 1",
              "mn": "ADBE Vector Shape - Group",
              "hd": false
            },
            {
              "ty": "fl",
              "c": { "a": 0, "k": [0, 0.910000011968, 0.8, 1], "ix": 4 },
              "o": { "a": 0, "k": 100, "ix": 5 },
              "r": 1,
              "nm": "Fläche 1",
              "mn": "ADBE Vector Graphic - Fill",
              "hd": false
            },
            {
              "ty": "tr",
              "p": { "a": 0, "k": [575.544, 347.073], "ix": 2 },
              "a": { "a": 0, "k": [0, 0], "ix": 1 },
              "s": { "a": 0, "k": [100, 100], "ix": 3 },
              "r": { "a": 0, "k": 0, "ix": 6 },
              "o": { "a": 0, "k": 100, "ix": 7 },
              "sk": { "a": 0, "k": 0, "ix": 4 },
              "sa": { "a": 0, "k": 0, "ix": 5 },
              "nm": "Transformieren"
            }
          ],
          "nm": "Gruppe 23",
          "np": 2,
          "cix": 2,
          "ix": 23,
          "mn": "ADBE Vector Group",
          "hd": false
        },
        {
          "ty": "gr",
          "it": [
            {
              "ind": 0,
              "ty": "sh",
              "ix": 1,
              "ks": {
                "a": 0,
                "k": {
                  "i": [
                    [-1.067, -0.177],
                    [0, 0],
                    [0.177, -1.066],
                    [0, 0],
                    [1.067, 0.177],
                    [0, 0],
                    [0.177, -1.067],
                    [0, 0],
                    [1.067, 0.177],
                    [0, 0],
                    [-0.177, 1.066],
                    [0, 0],
                    [-1.067, -0.176],
                    [0, 0],
                    [-0.177, 1.067],
                    [0, 0]
                  ],
                  "o": [
                    [0, 0],
                    [1.067, 0.177],
                    [0, 0],
                    [-0.176, 1.066],
                    [0, 0],
                    [-1.067, -0.177],
                    [0, 0],
                    [-0.178, 1.068],
                    [0, 0],
                    [-1.066, -0.177],
                    [0, 0],
                    [0.178, -1.067],
                    [0, 0],
                    [1.066, 0.178],
                    [0, 0],
                    [0.177, -1.067]
                  ],
                  "v": [
                    [4.577, -15.613],
                    [11.35, -14.489],
                    [12.962, -12.237],
                    [10.064, 5.223],
                    [7.812, 6.834],
                    [1.039, 5.71],
                    [-1.214, 7.322],
                    [-2.321, 14],
                    [-4.574, 15.612],
                    [-11.351, 14.488],
                    [-12.962, 12.236],
                    [-10.066, -5.224],
                    [-7.813, -6.836],
                    [-1.036, -5.712],
                    [1.216, -7.323],
                    [2.324, -14.002]
                  ],
                  "c": true
                },
                "ix": 2
              },
              "nm": "Pfad 1",
              "mn": "ADBE Vector Shape - Group",
              "hd": false
            },
            {
              "ty": "fl",
              "c": { "a": 0, "k": [0, 0.910000011968, 0.8, 1], "ix": 4 },
              "o": { "a": 0, "k": 100, "ix": 5 },
              "r": 1,
              "nm": "Fläche 1",
              "mn": "ADBE Vector Graphic - Fill",
              "hd": false
            },
            {
              "ty": "tr",
              "p": { "a": 0, "k": [575.651, 336.086], "ix": 2 },
              "a": { "a": 0, "k": [0, 0], "ix": 1 },
              "s": { "a": 0, "k": [100, 100], "ix": 3 },
              "r": { "a": 0, "k": 0, "ix": 6 },
              "o": { "a": 0, "k": 100, "ix": 7 },
              "sk": { "a": 0, "k": 0, "ix": 4 },
              "sa": { "a": 0, "k": 0, "ix": 5 },
              "nm": "Transformieren"
            }
          ],
          "nm": "Gruppe 24",
          "np": 2,
          "cix": 2,
          "ix": 24,
          "mn": "ADBE Vector Group",
          "hd": false
        },
        {
          "ty": "gr",
          "it": [
            {
              "ind": 0,
              "ty": "sh",
              "ix": 1,
              "ks": {
                "a": 0,
                "k": {
                  "i": [
                    [0.416, 0.998],
                    [0, 0],
                    [0.999, -0.416],
                    [0, 0],
                    [-0.415, -0.999],
                    [0, 0],
                    [-0.998, 0.416],
                    [0, 0],
                    [0.416, 0.998],
                    [0, 0],
                    [-0.999, 0.416],
                    [0, 0]
                  ],
                  "o": [
                    [0, 0],
                    [-0.416, -0.999],
                    [0, 0],
                    [-0.998, 0.416],
                    [0, 0],
                    [0.416, 0.999],
                    [0, 0],
                    [0.999, -0.416],
                    [0, 0],
                    [-0.416, -0.999],
                    [0, 0],
                    [0.998, -0.416]
                  ],
                  "v": [
                    [11.297, -10.741],
                    [8.656, -17.079],
                    [6.095, -18.134],
                    [-10.242, -11.328],
                    [-11.297, -8.766],
                    [-0.528, 17.079],
                    [2.032, 18.134],
                    [8.37, 15.493],
                    [9.425, 12.933],
                    [2.804, -2.96],
                    [3.859, -5.521],
                    [10.242, -8.18]
                  ],
                  "c": true
                },
                "ix": 2
              },
              "nm": "Pfad 1",
              "mn": "ADBE Vector Shape - Group",
              "hd": false
            },
            {
              "ty": "fl",
              "c": { "a": 0, "k": [0, 0.910000011968, 0.8, 1], "ix": 4 },
              "o": { "a": 0, "k": 100, "ix": 5 },
              "r": 1,
              "nm": "Fläche 1",
              "mn": "ADBE Vector Graphic - Fill",
              "hd": false
            },
            {
              "ty": "tr",
              "p": { "a": 0, "k": [574.767, 326.337], "ix": 2 },
              "a": { "a": 0, "k": [0, 0], "ix": 1 },
              "s": { "a": 0, "k": [100, 100], "ix": 3 },
              "r": { "a": 0, "k": 0, "ix": 6 },
              "o": { "a": 0, "k": 100, "ix": 7 },
              "sk": { "a": 0, "k": 0, "ix": 4 },
              "sa": { "a": 0, "k": 0, "ix": 5 },
              "nm": "Transformieren"
            }
          ],
          "nm": "Gruppe 25",
          "np": 2,
          "cix": 2,
          "ix": 25,
          "mn": "ADBE Vector Group",
          "hd": false
        },
        {
          "ty": "gr",
          "it": [
            {
              "ind": 0,
              "ty": "sh",
              "ix": 1,
              "ks": {
                "a": 0,
                "k": {
                  "i": [[0, 0], [0, 0], [0, 0], [0, 0]],
                  "o": [[0, 0], [0, 0], [0, 0], [0, 0]],
                  "v": [
                    [12.867, 24.652],
                    [-12.867, 24.652],
                    [-12.867, -24.653],
                    [12.867, -24.653]
                  ],
                  "c": true
                },
                "ix": 2
              },
              "nm": "Pfad 1",
              "mn": "ADBE Vector Shape - Group",
              "hd": false
            },
            {
              "ty": "fl",
              "c": {
                "a": 0,
                "k": [0.936999990426, 1, 0.969000004787, 1],
                "ix": 4
              },
              "o": { "a": 0, "k": 100, "ix": 5 },
              "r": 1,
              "nm": "Fläche 1",
              "mn": "ADBE Vector Graphic - Fill",
              "hd": false
            },
            {
              "ty": "tr",
              "p": { "a": 0, "k": [575.723, 337.836], "ix": 2 },
              "a": { "a": 0, "k": [0, 0], "ix": 1 },
              "s": { "a": 0, "k": [100, 100], "ix": 3 },
              "r": { "a": 0, "k": 0, "ix": 6 },
              "o": { "a": 0, "k": 100, "ix": 7 },
              "sk": { "a": 0, "k": 0, "ix": 4 },
              "sa": { "a": 0, "k": 0, "ix": 5 },
              "nm": "Transformieren"
            }
          ],
          "nm": "Gruppe 26",
          "np": 2,
          "cix": 2,
          "ix": 26,
          "mn": "ADBE Vector Group",
          "hd": false
        }
      ],
      "ip": 0,
      "op": 79,
      "st": 0,
      "bm": 0
    },
    {
      "ddd": 0,
      "ind": 2,
      "ty": 4,
      "nm": "Layer 55 Konturen",
      "sr": 1,
      "ks": {
        "o": { "a": 0, "k": 100, "ix": 11 },
        "r": { "a": 0, "k": 0, "ix": 10 },
        "p": { "a": 0, "k": [300, 24.108, 0], "ix": 2 },
        "a": { "a": 0, "k": [300, 375.858, 0], "ix": 1 },
        "s": { "a": 0, "k": [100, 100, 100], "ix": 6 }
      },
      "ao": 0,
      "shapes": [
        {
          "ty": "gr",
          "it": [
            {
              "ind": 0,
              "ty": "sh",
              "ix": 1,
              "ks": {
                "a": 0,
                "k": {
                  "i": [[0, 0], [0, 0], [0, 0], [0, 0]],
                  "o": [[0, 0], [0, 0], [0, 0], [0, 0]],
                  "v": [
                    [-300, 0.516],
                    [300, 0.516],
                    [300, -0.516],
                    [-300, -0.516]
                  ],
                  "c": true
                },
                "ix": 2
              },
              "nm": "Pfad 1",
              "mn": "ADBE Vector Shape - Group",
              "hd": false
            },
            {
              "ty": "fl",
              "c": { "a": 0, "k": [0, 0.910000011968, 0.8, 1], "ix": 4 },
              "o": { "a": 0, "k": 100, "ix": 5 },
              "r": 1,
              "nm": "Fläche 1",
              "mn": "ADBE Vector Graphic - Fill",
              "hd": false
            },
            {
              "ty": "tr",
              "p": { "a": 0, "k": [300, 399.298], "ix": 2 },
              "a": { "a": 0, "k": [0, 0], "ix": 1 },
              "s": { "a": 0, "k": [100, 100], "ix": 3 },
              "r": { "a": 0, "k": 0, "ix": 6 },
              "o": { "a": 0, "k": 100, "ix": 7 },
              "sk": { "a": 0, "k": 0, "ix": 4 },
              "sa": { "a": 0, "k": 0, "ix": 5 },
              "nm": "Transformieren"
            }
          ],
          "nm": "Gruppe 1",
          "np": 2,
          "cix": 2,
          "ix": 1,
          "mn": "ADBE Vector Group",
          "hd": false
        },
        {
          "ty": "gr",
          "it": [
            {
              "ind": 0,
              "ty": "sh",
              "ix": 1,
              "ks": {
                "a": 0,
                "k": {
                  "i": [[0, 0], [0, 0], [0, 0], [0, 0]],
                  "o": [[0, 0], [0, 0], [0, 0], [0, 0]],
                  "v": [
                    [-300, 0.516],
                    [300, 0.516],
                    [300, -0.516],
                    [-300, -0.516]
                  ],
                  "c": true
                },
                "ix": 2
              },
              "nm": "Pfad 1",
              "mn": "ADBE Vector Shape - Group",
              "hd": false
            },
            {
              "ty": "fl",
              "c": { "a": 0, "k": [0, 0.910000011968, 0.8, 1], "ix": 4 },
              "o": { "a": 0, "k": 100, "ix": 5 },
              "r": 1,
              "nm": "Fläche 1",
              "mn": "ADBE Vector Graphic - Fill",
              "hd": false
            },
            {
              "ty": "tr",
              "p": { "a": 0, "k": [300, 352.417], "ix": 2 },
              "a": { "a": 0, "k": [0, 0], "ix": 1 },
              "s": { "a": 0, "k": [100, 100], "ix": 3 },
              "r": { "a": 0, "k": 0, "ix": 6 },
              "o": { "a": 0, "k": 100, "ix": 7 },
              "sk": { "a": 0, "k": 0, "ix": 4 },
              "sa": { "a": 0, "k": 0, "ix": 5 },
              "nm": "Transformieren"
            }
          ],
          "nm": "Gruppe 2",
          "np": 2,
          "cix": 2,
          "ix": 2,
          "mn": "ADBE Vector Group",
          "hd": false
        },
        {
          "ty": "gr",
          "it": [
            {
              "ind": 0,
              "ty": "sh",
              "ix": 1,
              "ks": {
                "a": 0,
                "k": {
                  "i": [[0, 0], [0, 0], [0, 0], [0, 0]],
                  "o": [[0, 0], [0, 0], [0, 0], [0, 0]],
                  "v": [
                    [-300, 12.849],
                    [300, 12.849],
                    [300, -12.849],
                    [-300, -12.849]
                  ],
                  "c": true
                },
                "ix": 2
              },
              "nm": "Pfad 1",
              "mn": "ADBE Vector Shape - Group",
              "hd": false
            },
            {
              "ty": "fl",
              "c": {
                "a": 0,
                "k": [0.936999990426, 1, 0.969000004787, 1],
                "ix": 4
              },
              "o": { "a": 0, "k": 100, "ix": 5 },
              "r": 1,
              "nm": "Fläche 1",
              "mn": "ADBE Vector Graphic - Fill",
              "hd": false
            },
            {
              "ty": "tr",
              "p": { "a": 0, "k": [300, 386.359], "ix": 2 },
              "a": { "a": 0, "k": [0, 0], "ix": 1 },
              "s": { "a": 0, "k": [100, 100], "ix": 3 },
              "r": { "a": 0, "k": 0, "ix": 6 },
              "o": { "a": 0, "k": 100, "ix": 7 },
              "sk": { "a": 0, "k": 0, "ix": 4 },
              "sa": { "a": 0, "k": 0, "ix": 5 },
              "nm": "Transformieren"
            }
          ],
          "nm": "Gruppe 3",
          "np": 2,
          "cix": 2,
          "ix": 3,
          "mn": "ADBE Vector Group",
          "hd": false
        },
        {
          "ty": "gr",
          "it": [
            {
              "ind": 0,
              "ty": "sh",
              "ix": 1,
              "ks": {
                "a": 0,
                "k": {
                  "i": [[0, 0], [0, 0], [0, 0], [0, 0]],
                  "o": [[0, 0], [0, 0], [0, 0], [0, 0]],
                  "v": [
                    [-300, 23.956],
                    [300, 23.956],
                    [300, -23.956],
                    [-300, -23.956]
                  ],
                  "c": true
                },
                "ix": 2
              },
              "nm": "Pfad 1",
              "mn": "ADBE Vector Shape - Group",
              "hd": false
            },
            {
              "ty": "fl",
              "c": { "a": 0, "k": [1, 1, 1, 1], "ix": 4 },
              "o": { "a": 0, "k": 100, "ix": 5 },
              "r": 1,
              "nm": "Fläche 1",
              "mn": "ADBE Vector Graphic - Fill",
              "hd": false
            },
            {
              "ty": "tr",
              "p": { "a": 0, "k": [300, 375.858], "ix": 2 },
              "a": { "a": 0, "k": [0, 0], "ix": 1 },
              "s": { "a": 0, "k": [100, 100], "ix": 3 },
              "r": { "a": 0, "k": 0, "ix": 6 },
              "o": { "a": 0, "k": 100, "ix": 7 },
              "sk": { "a": 0, "k": 0, "ix": 4 },
              "sa": { "a": 0, "k": 0, "ix": 5 },
              "nm": "Transformieren"
            }
          ],
          "nm": "Gruppe 4",
          "np": 2,
          "cix": 2,
          "ix": 4,
          "mn": "ADBE Vector Group",
          "hd": false
        }
      ],
      "ip": 0,
      "op": 79,
      "st": 0,
      "bm": 0
    }
  ],
  "markers": []
}
