{
  "prepare_queue": {
    "installed": [],
    "uninstalled": []
  },
  "config_munge": {
    "files": {
      "app/src/main/AndroidManifest.xml": {
        "parents": {
          "/manifest/application": [
            {
              "xml": "<application allowBackup=\"false\" />",
              "count": 1,
              "mode": "merge",
              "id": "config.xml",
              "oldAttrib": {
                "allowBackup": "false",
                "android:hardwareAccelerated": "true",
                "android:icon": "@mipmap/icon",
                "android:label": "@string/app_name",
                "android:supportsRtl": "true"
              }
            }
          ]
        }
      },
      "res/xml/config.xml": {
        "parents": {
          "/*": [
            {
              "xml": "<feature name=\"Device\"><param name=\"android-package\" value=\"org.apache.cordova.device.Device\" /></feature>",
              "count": 1
            },
            {
              "xml": "<feature name=\"StatusBar\"><param name=\"android-package\" value=\"org.apache.cordova.statusbar.StatusBar\" /><param name=\"onload\" value=\"true\" /></feature>",
              "count": 1
            },
            {
              "xml": "<feature name=\"Whitelist\"><param name=\"android-package\" value=\"org.apache.cordova.whitelist.WhitelistPlugin\" /><param name=\"onload\" value=\"true\" /></feature>",
              "count": 1
            },
            {
              "xml": "<feature name=\"SocialSharing\"><param name=\"android-package\" value=\"nl.xservices.plugins.SocialSharing\" /></feature>",
              "count": 1
            },
            {
              "xml": "<feature name=\"InAppBrowser\"><param name=\"android-package\" value=\"org.apache.cordova.inappbrowser.InAppBrowser\" /></feature>",
              "count": 1
            },
            {
              "xml": "<feature name=\"SplashScreen\"><param name=\"android-package\" value=\"org.apache.cordova.splashscreen.SplashScreen\" /><param name=\"onload\" value=\"true\" /></feature>",
              "count": 1
            },
            {
              "xml": "<feature name=\"AppVersion\"><param name=\"android-package\" value=\"uk.co.whiteoctober.cordova.AppVersion\" /></feature>",
              "count": 1
            },
            {
              "xml": "<feature name=\"BarcodeScanner\"><param name=\"android-package\" value=\"com.phonegap.plugins.barcodescanner.BarcodeScanner\" /></feature>",
              "count": 1
            },
            {
              "xml": "<feature name=\"Clipboard\"><param name=\"android-package\" value=\"com.verso.cordova.clipboard.Clipboard\" /></feature>",
              "count": 1
            },
            {
              "xml": "<feature name=\"IonicDeeplinkPlugin\"><param name=\"android-package\" value=\"io.ionic.links.IonicDeeplink\" /><param name=\"onload\" value=\"true\" /></feature>",
              "count": 1
            },
            {
              "xml": "<feature name=\"PushNotification\"><param name=\"android-package\" value=\"com.adobe.phonegap.push.PushPlugin\" /></feature>",
              "count": 1
            },
            {
              "xml": "<feature name=\"QRScanner\"><param name=\"android-package\" value=\"com.bitpay.cordova.qrscanner.QRScanner\" /></feature>",
              "count": 1
            },
            {
              "xml": "<feature name=\"SQLitePlugin\"><param name=\"android-package\" value=\"io.sqlc.SQLitePlugin\" /></feature>",
              "count": 1
            },
            {
              "xml": "<feature name=\"startApp\"><param name=\"android-package\" value=\"com.lampa.startapp.startApp\" /></feature>",
              "count": 1
            }
          ]
        }
      },
      "AndroidManifest.xml": {
        "parents": {
          "/*/application": [
            {
              "xml": "<receiver android:enabled=\"true\" android:name=\"nl.xservices.plugins.ShareChooserPendingIntent\"><intent-filter><action android:name=\"android.intent.action.SEND\" /></intent-filter></receiver>",
              "count": 1
            }
          ],
          "/*": [
            {
              "xml": "<uses-permission android:name=\"android.permission.WRITE_EXTERNAL_STORAGE\" />",
              "count": 1
            },
            {
              "xml": "<uses-permission android:name=\"android.permission.CAMERA\" android:required=\"false\" />",
              "count": 1
            },
            {
              "xml": "<uses-feature android:name=\"android.hardware.camera\" android:required=\"false\" />",
              "count": 1
            },
            {
              "xml": "<uses-feature android:name=\"android.hardware.camera.front\" android:required=\"false\" />",
              "count": 1
            }
          ],
          "/manifest/application": [
            {
              "xml": "<provider android:authorities=\"${applicationId}.sharing.provider\" android:exported=\"false\" android:grantUriPermissions=\"true\" android:name=\"nl.xservices.plugins.FileProvider\"><meta-data android:name=\"android.support.FILE_PROVIDER_PATHS\" android:resource=\"@xml/sharing_paths\" /></provider>",
              "count": 1
            },
            {
              "xml": "<activity android:clearTaskOnLaunch=\"true\" android:configChanges=\"orientation|keyboardHidden|screenSize\" android:exported=\"false\" android:name=\"com.google.zxing.client.android.CaptureActivity\" android:theme=\"@android:style/Theme.NoTitleBar.Fullscreen\" android:windowSoftInputMode=\"stateAlwaysHidden\" />",
              "count": 1
            },
            {
              "xml": "<activity android:label=\"Share\" android:name=\"com.google.zxing.client.android.encode.EncodeActivity\" />",
              "count": 1
            },
            {
              "xml": "<activity android:exported=\"true\" android:name=\"com.adobe.phonegap.push.PushHandlerActivity\" android:permission=\"${applicationId}.permission.PushHandlerActivity\" />",
              "count": 1
            },
            {
              "xml": "<receiver android:name=\"com.adobe.phonegap.push.BackgroundActionButtonHandler\" />",
              "count": 1
            },
            {
              "xml": "<receiver android:name=\"com.adobe.phonegap.push.PushDismissedHandler\" />",
              "count": 1
            },
            {
              "xml": "<service android:name=\"com.adobe.phonegap.push.FCMService\"><intent-filter><action android:name=\"com.google.firebase.MESSAGING_EVENT\" /></intent-filter></service>",
              "count": 1
            },
            {
              "xml": "<service android:name=\"com.adobe.phonegap.push.PushInstanceIDListenerService\"><intent-filter><action android:name=\"com.google.firebase.INSTANCE_ID_EVENT\" /></intent-filter></service>",
              "count": 1
            }
          ],
          "/manifest": [
            {
              "xml": "<uses-permission android:name=\"android.permission.CAMERA\" />",
              "count": 1
            },
            {
              "xml": "<uses-permission android:name=\"android.permission.FLASHLIGHT\" />",
              "count": 1
            },
            {
              "xml": "<uses-feature android:name=\"android.hardware.camera\" android:required=\"true\" />",
              "count": 1
            },
            {
              "xml": "<uses-permission android:name=\"android.permission.INTERNET\" />",
              "count": 1
            },
            {
              "xml": "<uses-permission android:name=\"android.permission.ACCESS_NETWORK_STATE\" />",
              "count": 1
            },
            {
              "xml": "<uses-permission android:name=\"android.permission.WAKE_LOCK\" />",
              "count": 1
            },
            {
              "xml": "<uses-permission android:name=\"android.permission.VIBRATE\" />",
              "count": 1
            }
          ],
          "/manifest/application/activity": [
            {
              "xml": "<intent-filter><action android:name=\"android.intent.action.VIEW\" /><category android:name=\"android.intent.category.DEFAULT\" /><category android:name=\"android.intent.category.BROWSABLE\" /><data android:scheme=\"airgap-wallet\" /></intent-filter>",
              "count": 1
            },
            {
              "xml": "<intent-filter android:autoVerify=\"true\"><action android:name=\"android.intent.action.VIEW\" /><category android:name=\"android.intent.category.DEFAULT\" /><category android:name=\"android.intent.category.BROWSABLE\" /><data android:host=\"wallet.airgap.it\" android:pathPrefix=\"/\" android:scheme=\"https\" /><data android:host=\" \" android:pathPrefix=\"/\" android:scheme=\" \" /><data android:host=\" \" android:pathPrefix=\"/\" android:scheme=\" \" /><data android:host=\" \" android:pathPrefix=\"/\" android:scheme=\" \" /><data android:host=\" \" android:pathPrefix=\"/\" android:scheme=\" \" /></intent-filter>",
              "count": 1
            }
          ]
        }
      },
      "config.xml": {
        "parents": {
          "/*": [
            {
              "xml": "<allow-navigation href=\"http://localhost:8080/*\" />",
              "count": 1
            },
            {
              "xml": "<preference name=\"webView\" value=\"com.ionicframework.cordova.webview.IonicWebViewEngine\" />",
              "count": 1
            },
            {
              "xml": "<feature name=\"IonicWebView\"><param name=\"android-package\" value=\"com.ionicframework.cordova.webview.IonicWebView\" /></feature>",
              "count": 1
            },
            {
              "xml": "<feature name=\"Diagnostic\"><param name=\"android-package\" value=\"cordova.plugins.Diagnostic\" /><param name=\"onload\" value=\"true\" /></feature>",
              "count": 1
            },
            {
              "xml": "<feature name=\"Diagnostic_Camera\"><param name=\"android-package\" value=\"cordova.plugins.Diagnostic_Camera\" /><param name=\"onload\" value=\"true\" /></feature>",
              "count": 1
            },
            {
              "xml": "<feature name=\"Keyboard\"><param name=\"android-package\" onload=\"true\" value=\"io.ionic.keyboard.IonicKeyboard\" /></feature>",
              "count": 1
            }
          ]
        }
      }
    }
  },
  "installed_plugins": {
    "cordova-plugin-device": {
      "PACKAGE_NAME": "it.airgap.wallet"
    },
    "cordova-plugin-statusbar": {
      "PACKAGE_NAME": "it.airgap.wallet"
    },
    "cordova-plugin-whitelist": {
      "PACKAGE_NAME": "it.airgap.wallet"
    },
    "es6-promise-plugin": {
      "PACKAGE_NAME": "it.airgap.wallet"
    },
    "cordova-plugin-x-socialsharing": {
      "ANDROID_SUPPORT_V4_VERSION": "26.1.0",
      "PACKAGE_NAME": "it.airgap.wallet"
    },
    "cordova-plugin-inappbrowser": {
      "PACKAGE_NAME": "it.airgap.wallet"
    },
    "cordova-plugin-add-swift-support": {
      "PACKAGE_NAME": "it.airgap.wallet"
    },
    "cordova-plugin-splashscreen": {
      "PACKAGE_NAME": "it.airgap.wallet"
    },
    "cordova-plugin-ionic-webview": {
      "ANDROID_SUPPORT_ANNOTATIONS_VERSION": "26.1.0",
      "PACKAGE_NAME": "it.airgap.wallet"
    },
    "cordova-android-support-gradle-release": {
      "ANDROID_SUPPORT_VERSION": "26.1.0",
      "PACKAGE_NAME": "it.airgap.wallet"
    },
    "cordova-plugin-app-version": {
      "PACKAGE_NAME": "it.airgap.wallet"
    },
    "phonegap-plugin-barcodescanner": {
      "ANDROID_SUPPORT_V4_VERSION": "27.+",
      "PACKAGE_NAME": "it.airgap.wallet"
    },
    "cordova-clipboard": {
      "PACKAGE_NAME": "it.airgap.wallet"
    },
    "ionic-plugin-deeplinks": {
      "URL_SCHEME": "airgap-wallet",
      "DEEPLINK_SCHEME": "https",
      "DEEPLINK_HOST": "wallet.airgap.it",
      "ANDROID_PATH_PREFIX": "/",
      "ANDROID_2_PATH_PREFIX": "/",
      "ANDROID_3_PATH_PREFIX": "/",
      "ANDROID_4_PATH_PREFIX": "/",
      "ANDROID_5_PATH_PREFIX": "/",
      "DEEPLINK_2_SCHEME": " ",
      "DEEPLINK_2_HOST": " ",
      "DEEPLINK_3_SCHEME": " ",
      "DEEPLINK_3_HOST": " ",
      "DEEPLINK_4_SCHEME": " ",
      "DEEPLINK_4_HOST": " ",
      "DEEPLINK_5_SCHEME": " ",
      "DEEPLINK_5_HOST": " ",
      "PACKAGE_NAME": "it.airgap.wallet"
    },
    "cordova.plugins.diagnostic": {
      "ANDROID_SUPPORT_VERSION": "26.1.0",
      "PACKAGE_NAME": "it.airgap.wallet"
    },
    "cordova-plugin-ionic-keyboard": {
      "PACKAGE_NAME": "it.airgap.wallet"
    },
    "cordova-support-google-services": {
      "PACKAGE_NAME": "it.airgap.wallet"
    },
    "phonegap-plugin-multidex": {
      "PACKAGE_NAME": "it.airgap.wallet"
    },
    "phonegap-plugin-push": {
      "ANDROID_SUPPORT_V13_VERSION": "26.1.0",
      "FCM_VERSION": "11.6.2",
      "PACKAGE_NAME": "it.airgap.wallet"
    },
    "cordova-plugin-qrscanner": {
      "PACKAGE_NAME": "it.airgap.wallet"
    },
    "cordova-sqlite-storage": {
      "PACKAGE_NAME": "it.airgap.wallet"
    },
    "com.lampa.startapp": {
      "PACKAGE_NAME": "it.airgap.wallet"
    }
  },
  "dependent_plugins": {},
  "modules": [
    {
      "id": "cordova-plugin-device.device",
      "file": "plugins/cordova-plugin-device/www/device.js",
      "pluginId": "cordova-plugin-device",
      "clobbers": [
        "device"
      ]
    },
    {
      "id": "cordova-plugin-statusbar.statusbar",
      "file": "plugins/cordova-plugin-statusbar/www/statusbar.js",
      "pluginId": "cordova-plugin-statusbar",
      "clobbers": [
        "window.StatusBar"
      ]
    },
    {
      "id": "es6-promise-plugin.Promise",
      "file": "plugins/es6-promise-plugin/www/promise.js",
      "pluginId": "es6-promise-plugin",
      "runs": true
    },
    {
      "id": "cordova-plugin-x-socialsharing.SocialSharing",
      "file": "plugins/cordova-plugin-x-socialsharing/www/SocialSharing.js",
      "pluginId": "cordova-plugin-x-socialsharing",
      "clobbers": [
        "window.plugins.socialsharing"
      ]
    },
    {
      "id": "cordova-plugin-inappbrowser.inappbrowser",
      "file": "plugins/cordova-plugin-inappbrowser/www/inappbrowser.js",
      "pluginId": "cordova-plugin-inappbrowser",
      "clobbers": [
        "cordova.InAppBrowser.open",
        "window.open"
      ]
    },
    {
      "id": "cordova-plugin-splashscreen.SplashScreen",
      "file": "plugins/cordova-plugin-splashscreen/www/splashscreen.js",
      "pluginId": "cordova-plugin-splashscreen",
      "clobbers": [
        "navigator.splashscreen"
      ]
    },
    {
      "id": "cordova-plugin-ionic-webview.IonicWebView",
      "file": "plugins/cordova-plugin-ionic-webview/src/www/util.js",
      "pluginId": "cordova-plugin-ionic-webview",
      "clobbers": [
        "Ionic.WebView"
      ]
    },
    {
      "id": "cordova-plugin-app-version.AppVersionPlugin",
      "file": "plugins/cordova-plugin-app-version/www/AppVersionPlugin.js",
      "pluginId": "cordova-plugin-app-version",
      "clobbers": [
        "cordova.getAppVersion"
      ]
    },
    {
      "id": "phonegap-plugin-barcodescanner.BarcodeScanner",
      "file": "plugins/phonegap-plugin-barcodescanner/www/barcodescanner.js",
      "pluginId": "phonegap-plugin-barcodescanner",
      "clobbers": [
        "cordova.plugins.barcodeScanner"
      ]
    },
    {
      "id": "cordova-clipboard.Clipboard",
      "file": "plugins/cordova-clipboard/www/clipboard.js",
      "pluginId": "cordova-clipboard",
      "clobbers": [
        "cordova.plugins.clipboard"
      ]
    },
    {
      "id": "ionic-plugin-deeplinks.deeplink",
      "file": "plugins/ionic-plugin-deeplinks/www/deeplink.js",
      "pluginId": "ionic-plugin-deeplinks",
      "clobbers": [
        "IonicDeeplink"
      ],
      "runs": true
    },
    {
      "id": "cordova.plugins.diagnostic.Diagnostic",
      "file": "plugins/cordova.plugins.diagnostic/www/android/diagnostic.js",
      "pluginId": "cordova.plugins.diagnostic",
      "merges": [
        "cordova.plugins.diagnostic"
      ]
    },
    {
      "id": "cordova.plugins.diagnostic.Diagnostic_Camera",
      "file": "plugins/cordova.plugins.diagnostic/www/android/diagnostic.camera.js",
      "pluginId": "cordova.plugins.diagnostic",
      "merges": [
        "cordova.plugins.diagnostic.camera"
      ]
    },
    {
      "id": "cordova-plugin-ionic-keyboard.keyboard",
      "file": "plugins/cordova-plugin-ionic-keyboard/www/android/keyboard.js",
      "pluginId": "cordova-plugin-ionic-keyboard",
      "clobbers": [
        "window.Keyboard"
      ]
    },
    {
      "id": "phonegap-plugin-push.PushNotification",
      "file": "plugins/phonegap-plugin-push/www/push.js",
      "pluginId": "phonegap-plugin-push",
      "clobbers": [
        "PushNotification"
      ]
    },
    {
      "id": "cordova-plugin-qrscanner.QRScanner",
      "file": "plugins/cordova-plugin-qrscanner/www/www.min.js",
      "pluginId": "cordova-plugin-qrscanner",
      "clobbers": [
        "QRScanner"
      ]
    },
    {
      "id": "cordova-sqlite-storage.SQLitePlugin",
      "file": "plugins/cordova-sqlite-storage/www/SQLitePlugin.js",
      "pluginId": "cordova-sqlite-storage",
      "clobbers": [
        "SQLitePlugin"
      ]
    },
    {
      "id": "com.lampa.startapp.startapp",
      "file": "plugins/com.lampa.startapp/www/startApp.js",
      "pluginId": "com.lampa.startapp",
      "merges": [
        "startApp"
      ]
    }
  ],
  "plugin_metadata": {
    "cordova-plugin-device": "1.1.7",
    "cordova-plugin-statusbar": "2.4.2",
    "cordova-plugin-whitelist": "1.3.3",
    "es6-promise-plugin": "4.2.2",
    "cordova-plugin-x-socialsharing": "5.4.4",
    "cordova-plugin-inappbrowser": "1.7.2",
    "cordova-plugin-add-swift-support": "1.7.2",
    "cordova-plugin-splashscreen": "5.0.2",
    "cordova-plugin-ionic-webview": "2.4.1",
    "cordova-android-support-gradle-release": "1.4.7",
    "cordova-plugin-app-version": "0.1.9",
    "phonegap-plugin-barcodescanner": "8.0.1",
    "cordova-clipboard": "1.2.1",
    "ionic-plugin-deeplinks": "1.0.17",
    "cordova.plugins.diagnostic": "4.0.12",
    "cordova-plugin-ionic-keyboard": "2.1.3",
    "cordova-support-google-services": "1.1.0",
    "phonegap-plugin-multidex": "1.0.0",
    "phonegap-plugin-push": "2.2.3",
    "cordova-plugin-qrscanner": "2.6.2",
    "cordova-sqlite-storage": "2.6.0",
    "com.lampa.startapp": "6.1.6"
  }
}